employee_id,telephely,nem,statusz
1001,Budapest,N,aktiv
1002,Budapest,N,aktiv
1003,Budapest,N,aktiv
1004,Budapest,N,aktiv
1005,Budapest,F,aktiv
1006,Győr,N,aktiv
1007,Budapest,F,aktiv
1008,Győr,N,aktiv
1009,Budapest,F,aktiv
1010,Győr,N,aktiv
1011,Budapest,F,aktiv
1012,Budapest,N,aktiv
1013,Győr,N,aktiv
1014,Győr,F,aktiv
1015,Budapest,F,aktiv
1016,Pécs,F,aktiv
1017,Budapest,F,aktiv
1018,Pécs,N,aktiv
1019,Budapest,N,aktiv
1020,Pécs,N,aktiv
1021,Budapest,F,aktiv
1022,Győr,F,aktiv
1023,Pécs,N,aktiv
1024,Győr,N,aktiv
1025,Győr,F,aktiv
1026,Pécs,F,aktiv
1027,Pécs,N,aktiv
1028,Győr,N,aktiv
1029,Pécs,N,aktiv
1030,Győr,N,aktiv
1031,Pécs,N,aktiv
1032,Pécs,F,aktiv
1033,Pécs,F,aktiv
1034,Budapest,N,aktiv
1035,Budapest,N,aktiv
1036,Győr,F,aktiv
1037,Pécs,F,aktiv
1038,Győr,N,aktiv
1039,Pécs,F,aktiv
1040,Budapest,F,aktiv
1041,Győr,N,aktiv
1042,Budapest,N,aktiv
1043,Győr,N,aktiv
1044,Budapest,N,aktiv
1045,Pécs,F,aktiv
1046,Budapest,F,aktiv
1047,Pécs,N,aktiv
1048,Budapest,F,aktiv
1049,Pécs,N,aktiv
1050,Budapest,N,aktiv
1051,Pécs,N,aktiv
1052,Pécs,N,aktiv
1053,Győr,F,aktiv
1054,Győr,N,aktiv
1055,Budapest,F,aktiv
1056,Budapest,F,aktiv
1057,Győr,N,aktiv
1058,Budapest,N,aktiv
1059,Budapest,F,aktiv
1060,Győr,N,aktiv
1061,Budapest,N,aktiv
1062,Pécs,N,aktiv
1063,Pécs,F,aktiv
1064,Budapest,F,aktiv
1065,Budapest,F,aktiv
1066,Budapest,N,aktiv
1067,Budapest,N,aktiv
1068,Budapest,N,aktiv
1069,Budapest,N,aktiv
1070,Győr,F,aktiv
1071,Győr,F,aktiv
1072,Győr,N,aktiv
1073,Budapest,F,aktiv
1074,Budapest,F,aktiv
1075,Győr,F,aktiv
1076,Budapest,F,aktiv
1077,Budapest,N,aktiv
1078,Budapest,N,aktiv
1079,Pécs,N,aktiv
1080,Budapest,F,aktiv
1081,Budapest,F,aktiv
1082,Budapest,N,aktiv
1083,Pécs,N,aktiv
1084,Pécs,F,aktiv
1085,Győr,N,aktiv
1086,Győr,N,aktiv
1087,Győr,N,aktiv
1088,Budapest,N,aktiv
1089,Pécs,N,aktiv
1090,Pécs,N,aktiv
1091,Győr,F,aktiv
1092,Budapest,N,aktiv
1093,Budapest,N,aktiv
1094,Győr,F,aktiv
1095,Pécs,N,aktiv
1096,Budapest,N,aktiv
1097,Budapest,F,aktiv
1098,Pécs,N,aktiv
1099,Budapest,N,aktiv
1100,Győr,F,aktiv
1101,Budapest,F,aktiv
1102,Pécs,N,aktiv
1103,Budapest,F,aktiv
1104,Budapest,N,aktiv
1105,Pécs,F,aktiv
1106,Budapest,F,aktiv
1107,Pécs,F,aktiv
1108,Budapest,F,aktiv
1109,Budapest,F,aktiv
1110,Pécs,F,aktiv
1111,Budapest,N,aktiv
1112,Pécs,N,aktiv
1113,Pécs,N,aktiv
1114,Budapest,F,aktiv
1115,Budapest,N,aktiv
1116,Győr,F,aktiv
1117,Győr,N,aktiv
1118,Győr,N,aktiv
1119,Győr,F,aktiv
1120,Budapest,F,aktiv
1121,Győr,F,aktiv
1122,Győr,N,aktiv
1123,Pécs,N,aktiv
1124,Győr,N,aktiv
1125,Budapest,N,aktiv
1126,Győr,F,aktiv
1127,Pécs,N,aktiv
1128,Budapest,N,aktiv
1129,Győr,N,aktiv
1130,Győr,N,aktiv
1131,Budapest,N,aktiv
1132,Budapest,F,aktiv
1133,Győr,F,aktiv
1134,Budapest,N,aktiv
1135,Győr,N,aktiv
1136,Budapest,F,aktiv
1137,Pécs,N,aktiv
1138,Budapest,N,aktiv
1139,Pécs,F,aktiv
1140,Győr,N,aktiv
1141,Budapest,N,aktiv
1142,Győr,N,aktiv
1143,Budapest,N,aktiv
1144,Budapest,N,aktiv
1145,Pécs,N,aktiv
1146,Budapest,F,aktiv
1147,Győr,N,aktiv
1148,Budapest,N,aktiv
1149,Budapest,N,aktiv
1150,Budapest,F,aktiv
1151,Győr,N,aktiv
1152,Győr,F,aktiv
1153,Győr,N,aktiv
1154,Győr,F,aktiv
1155,Győr,N,aktiv
1156,Győr,N,aktiv
1157,Budapest,N,aktiv
1158,Pécs,N,aktiv
1159,Budapest,F,aktiv
1160,Pécs,F,aktiv
1161,Budapest,N,aktiv
1162,Győr,N,aktiv
1163,Pécs,F,aktiv
1164,Pécs,F,aktiv
1165,Pécs,F,aktiv
1166,Pécs,F,aktiv
1167,Győr,F,aktiv
1168,Budapest,F,aktiv
1169,Győr,F,aktiv
1170,Pécs,F,aktiv
1171,Budapest,F,aktiv
1172,Budapest,N,aktiv
1173,Győr,N,aktiv
1174,Győr,N,aktiv
1175,Budapest,F,aktiv
1176,Győr,F,aktiv
1177,Pécs,F,aktiv
1178,Budapest,F,aktiv
1179,Budapest,N,aktiv
1180,Pécs,N,aktiv
1181,Pécs,N,aktiv
1182,Budapest,F,aktiv
1183,Győr,N,aktiv
1184,Budapest,N,aktiv
1185,Győr,N,aktiv
1186,Győr,F,aktiv
1187,Budapest,F,aktiv
1188,Pécs,F,aktiv
1189,Budapest,F,aktiv
1190,Budapest,F,aktiv
1191,Pécs,N,aktiv
1192,Győr,F,aktiv
1193,Győr,F,aktiv
1194,Budapest,N,aktiv
1195,Budapest,N,aktiv
1196,Pécs,F,aktiv
1197,Pécs,N,aktiv
1198,Budapest,F,aktiv
1199,Budapest,F,aktiv
1200,Budapest,N,aktiv
1201,Budapest,F,aktiv
1202,Pécs,N,aktiv
1203,Pécs,N,aktiv
1204,Győr,N,aktiv
1205,Győr,N,aktiv
1206,Győr,F,aktiv
1207,Győr,N,aktiv
1208,Budapest,N,aktiv
1209,Budapest,F,aktiv
1210,Győr,F,aktiv
1211,Budapest,N,aktiv
1212,Budapest,F,aktiv
1213,Budapest,N,aktiv
1214,Pécs,N,aktiv
1215,Győr,F,aktiv
1216,Pécs,F,aktiv
1217,Budapest,N,aktiv
1218,Budapest,N,aktiv
1219,Győr,F,aktiv
1220,Budapest,F,aktiv
1221,Budapest,N,aktiv
1222,Budapest,N,aktiv
1223,Győr,N,aktiv
1224,Győr,F,aktiv
1225,Győr,N,aktiv
1226,Győr,F,aktiv
1227,Budapest,F,aktiv
1228,Pécs,F,aktiv
1229,Pécs,N,aktiv
1230,Pécs,N,aktiv
1231,Budapest,F,aktiv
1232,Győr,F,aktiv
1233,Győr,N,aktiv
1234,Budapest,N,aktiv
1235,Győr,F,aktiv
1236,Győr,N,aktiv
1237,Győr,N,aktiv
1238,Pécs,N,aktiv
1239,Győr,N,aktiv
1240,Budapest,F,aktiv
1241,Budapest,N,aktiv
1242,Győr,N,aktiv
1243,Győr,F,aktiv
1244,Győr,F,aktiv
1245,Pécs,F,aktiv
1246,Győr,N,aktiv
1247,Budapest,N,aktiv
1248,Pécs,F,aktiv
1249,Győr,N,aktiv
1250,Győr,N,aktiv
1251,Budapest,F,aktiv
1252,Pécs,N,aktiv
1253,Budapest,N,aktiv
1254,Budapest,F,aktiv
1255,Budapest,F,aktiv
1256,Pécs,F,aktiv
1257,Győr,N,aktiv
1258,Pécs,F,aktiv
1259,Budapest,N,aktiv
1260,Győr,N,aktiv
1261,Pécs,N,aktiv
1262,Győr,N,aktiv
1263,Győr,F,aktiv
1264,Győr,F,aktiv
1265,Budapest,F,aktiv
1266,Budapest,N,aktiv
1267,Budapest,N,aktiv
1268,Pécs,F,aktiv
1269,Budapest,F,aktiv
1270,Győr,F,aktiv
1271,Pécs,F,aktiv
1272,Győr,F,aktiv
1273,Budapest,F,aktiv
1274,Pécs,N,aktiv
1275,Pécs,N,aktiv
1276,Pécs,F,aktiv
1277,Győr,F,aktiv
1278,Budapest,N,aktiv
1279,Pécs,F,aktiv
1280,Pécs,N,aktiv
1281,Győr,F,aktiv
1282,Budapest,N,aktiv
1283,Budapest,F,aktiv
1284,Győr,N,aktiv
1285,Budapest,N,aktiv
1286,Budapest,F,aktiv
1287,Budapest,N,aktiv
1288,Budapest,N,aktiv
1289,Pécs,F,aktiv
1290,Budapest,N,aktiv
1291,Budapest,N,aktiv
1292,Győr,F,aktiv
1293,Budapest,F,aktiv
1294,Budapest,F,aktiv
1295,Pécs,F,aktiv
1296,Győr,N,aktiv
1297,Pécs,N,aktiv
1298,Pécs,F,aktiv
1299,Budapest,F,aktiv
1300,Budapest,F,aktiv
1301,Pécs,N,aktiv
1302,Győr,F,aktiv
1303,Budapest,N,aktiv
1304,Budapest,N,aktiv
1305,Budapest,F,aktiv
1306,Budapest,F,aktiv
1307,Budapest,N,aktiv
1308,Győr,N,aktiv
1309,Győr,N,aktiv
1310,Pécs,N,aktiv
1311,Győr,N,aktiv
1312,Győr,N,aktiv
1313,Győr,F,aktiv
1314,Győr,F,aktiv
1315,Győr,N,aktiv
1316,Pécs,F,aktiv
1317,Budapest,F,aktiv
1318,Pécs,N,aktiv
1319,Pécs,F,aktiv
1320,Győr,F,aktiv
1321,Budapest,F,aktiv
1322,Győr,F,aktiv
1323,Pécs,N,aktiv
1324,Győr,N,aktiv
1325,Győr,N,aktiv
1326,Budapest,N,aktiv
1327,Pécs,F,aktiv
1328,Budapest,F,aktiv
1329,Budapest,N,aktiv
1330,Budapest,N,aktiv
1331,Budapest,F,aktiv
1332,Győr,N,aktiv
1333,Győr,F,aktiv
1334,Pécs,F,aktiv
1335,Győr,F,aktiv
1336,Budapest,N,aktiv
1337,Budapest,F,aktiv
1338,Győr,F,aktiv
1339,Pécs,F,aktiv
1340,Pécs,F,aktiv
1341,Pécs,F,aktiv
1342,Győr,F,aktiv
1343,Budapest,N,aktiv
1344,Pécs,F,aktiv
1345,Győr,F,aktiv
1346,Budapest,F,aktiv
1347,Győr,N,aktiv
1348,Budapest,N,aktiv
1349,Budapest,F,aktiv
1350,Budapest,F,aktiv
1351,Győr,F,aktiv
1352,Pécs,F,aktiv
1353,Győr,N,aktiv
1354,Budapest,F,aktiv
1355,Budapest,N,aktiv
1356,Győr,N,aktiv
1357,Pécs,F,aktiv
1358,Pécs,N,aktiv
1359,Budapest,F,aktiv
1360,Budapest,F,aktiv
1361,Győr,N,aktiv
1362,Budapest,N,aktiv
1363,Budapest,N,aktiv
1364,Budapest,F,aktiv
1365,Budapest,F,aktiv
1366,Pécs,N,aktiv
1367,Pécs,N,aktiv
1368,Budapest,F,aktiv
1369,Pécs,N,aktiv
1370,Győr,N,aktiv
1371,Budapest,N,aktiv
1372,Győr,N,aktiv
1373,Pécs,N,aktiv
1374,Budapest,F,aktiv
1375,Pécs,N,aktiv
1376,Győr,N,aktiv
1377,Győr,F,aktiv
1378,Budapest,N,aktiv
1379,Győr,F,aktiv
1380,Budapest,F,aktiv
1381,Budapest,N,aktiv
1382,Budapest,F,aktiv
1383,Győr,N,aktiv
1384,Győr,F,aktiv
1385,Budapest,N,aktiv
1386,Budapest,N,aktiv
1387,Budapest,F,aktiv
1388,Győr,N,aktiv
1389,Győr,F,aktiv
1390,Győr,N,aktiv
1391,Győr,F,aktiv
1392,Budapest,N,aktiv
1393,Győr,F,aktiv
1394,Győr,N,aktiv
1395,Budapest,N,aktiv
1396,Budapest,F,aktiv
1397,Győr,F,aktiv
1398,Győr,F,aktiv
1399,Pécs,N,aktiv
1400,Budapest,N,aktiv
1401,Pécs,F,aktiv
1402,Budapest,F,aktiv
1403,Budapest,F,aktiv
1404,Pécs,F,aktiv
1405,Pécs,N,aktiv
1406,Győr,F,aktiv
1407,Győr,N,aktiv
1408,Pécs,N,aktiv
1409,Budapest,F,aktiv
1410,Budapest,F,aktiv
1411,Pécs,F,aktiv
1412,Pécs,F,aktiv
1413,Budapest,N,aktiv
1414,Budapest,F,aktiv
1415,Pécs,F,aktiv
1416,Győr,N,aktiv
1417,Budapest,F,aktiv
1418,Budapest,N,aktiv
1419,Pécs,N,aktiv
1420,Győr,N,aktiv
1421,Pécs,N,aktiv
1422,Budapest,N,aktiv
1423,Budapest,N,aktiv
1424,Budapest,N,aktiv
1425,Budapest,N,aktiv
1426,Győr,N,aktiv
1427,Budapest,N,aktiv
1428,Győr,F,aktiv
1429,Budapest,N,aktiv
1430,Budapest,N,aktiv
1431,Győr,F,aktiv
1432,Budapest,N,aktiv
1433,Pécs,N,aktiv
1434,Budapest,N,aktiv
1435,Budapest,F,aktiv
1436,Győr,F,aktiv
1437,Budapest,F,aktiv
1438,Budapest,F,aktiv
1439,Pécs,N,aktiv
1440,Győr,N,aktiv
1441,Győr,N,aktiv
1442,Budapest,F,aktiv
1443,Győr,F,aktiv
1444,Győr,N,aktiv
1445,Győr,F,aktiv
1446,Pécs,N,aktiv
1447,Győr,F,aktiv
1448,Győr,N,aktiv
1449,Budapest,N,aktiv
1450,Pécs,N,aktiv
1451,Pécs,N,aktiv
1452,Győr,N,aktiv
1453,Győr,N,aktiv
1454,Győr,F,aktiv
1455,Győr,N,aktiv
1456,Budapest,F,aktiv
1457,Pécs,F,aktiv
1458,Győr,N,aktiv
1459,Győr,F,aktiv
1460,Győr,F,aktiv
1461,Győr,F,aktiv
1462,Győr,F,aktiv
1463,Budapest,F,aktiv
1464,Budapest,F,aktiv
1465,Budapest,N,aktiv
1466,Győr,F,aktiv
1467,Pécs,F,aktiv
1468,Budapest,F,aktiv
1469,Budapest,F,aktiv
1470,Budapest,F,aktiv
1471,Pécs,F,aktiv
1472,Győr,N,aktiv
1473,Budapest,N,aktiv
1474,Pécs,F,aktiv
1475,Pécs,N,aktiv
1476,Győr,N,aktiv
1477,Pécs,F,aktiv
1478,Pécs,F,aktiv
1479,Pécs,N,aktiv
1480,Győr,F,aktiv
1481,Győr,F,aktiv
1482,Budapest,N,aktiv
1483,Pécs,N,aktiv
1484,Győr,F,aktiv
1485,Győr,N,aktiv
1486,Pécs,F,aktiv
1487,Budapest,F,aktiv
1488,Budapest,F,aktiv
1489,Pécs,F,aktiv
1490,Pécs,F,aktiv
1491,Pécs,F,aktiv
1492,Budapest,N,aktiv
1493,Győr,N,aktiv
1494,Pécs,N,aktiv
1495,Győr,N,aktiv
1496,Budapest,F,aktiv
1497,Budapest,N,aktiv
1498,Győr,N,aktiv
1499,Budapest,N,aktiv
1500,Győr,F,aktiv
1501,Győr,F,aktiv
1502,Pécs,N,aktiv
1503,Budapest,F,aktiv
1504,Budapest,F,aktiv
1505,Budapest,F,aktiv
1506,Pécs,N,aktiv
1507,Pécs,N,aktiv
1508,Budapest,N,aktiv
1509,Budapest,N,aktiv
1510,Budapest,F,aktiv
1511,Győr,F,aktiv
1512,Győr,F,aktiv
1513,Pécs,F,aktiv
1514,Pécs,N,aktiv
1515,Budapest,N,aktiv
1516,Budapest,N,aktiv
1517,Budapest,F,aktiv
1518,Budapest,F,aktiv
1519,Győr,F,aktiv
1520,Pécs,F,aktiv
1521,Budapest,N,aktiv
1522,Pécs,N,aktiv
1523,Budapest,F,aktiv
1524,Budapest,F,aktiv
1525,Pécs,N,aktiv
1526,Budapest,F,aktiv
1527,Győr,F,aktiv
1528,Győr,N,aktiv
1529,Budapest,F,aktiv
1530,Győr,F,aktiv
1531,Budapest,F,aktiv
1532,Győr,N,aktiv
1533,Győr,F,aktiv
1534,Budapest,N,aktiv
1535,Budapest,F,aktiv
1536,Budapest,F,aktiv
1537,Győr,N,aktiv
1538,Pécs,N,aktiv
1539,Győr,N,aktiv
1540,Győr,F,aktiv
1541,Budapest,F,aktiv
1542,Pécs,N,aktiv
1543,Győr,F,aktiv
1544,Győr,F,aktiv
1545,Győr,N,aktiv
1546,Budapest,F,aktiv
1547,Pécs,F,aktiv
1548,Pécs,N,aktiv
1549,Győr,N,aktiv
1550,Pécs,N,aktiv
1551,Budapest,F,aktiv
1552,Győr,N,aktiv
1553,Győr,N,aktiv
1554,Budapest,N,aktiv
1555,Győr,F,aktiv
1556,Budapest,N,aktiv
1557,Pécs,N,aktiv
1558,Budapest,N,aktiv
1559,Pécs,F,aktiv
1560,Budapest,N,aktiv
1561,Győr,F,aktiv
1562,Győr,N,aktiv
1563,Győr,F,aktiv
1564,Győr,F,aktiv
1565,Budapest,F,aktiv
1566,Budapest,N,aktiv
1567,Pécs,F,aktiv
1568,Győr,N,aktiv
1569,Pécs,F,aktiv
1570,Budapest,N,aktiv
1571,Budapest,N,aktiv
1572,Budapest,N,aktiv
1573,Budapest,F,aktiv
1574,Győr,F,aktiv
1575,Budapest,F,aktiv
1576,Győr,N,aktiv
1577,Budapest,N,aktiv
1578,Pécs,N,aktiv
1579,Győr,N,aktiv
1580,Győr,F,aktiv
1581,Budapest,F,aktiv
1582,Budapest,F,aktiv
1583,Budapest,F,aktiv
1584,Budapest,N,aktiv
1585,Pécs,N,aktiv
1586,Pécs,N,aktiv
1587,Pécs,F,aktiv
1588,Budapest,F,aktiv
1589,Győr,F,aktiv
1590,Pécs,N,aktiv
1591,Budapest,F,aktiv
1592,Pécs,N,aktiv
1593,Pécs,N,aktiv
1594,Pécs,F,aktiv
1595,Budapest,N,aktiv
1596,Pécs,N,aktiv
1597,Győr,N,aktiv
1598,Pécs,F,aktiv
1599,Győr,F,aktiv
1600,Győr,F,aktiv
1601,Pécs,N,aktiv
1602,Pécs,F,aktiv
1603,Pécs,F,aktiv
1604,Pécs,N,aktiv
1605,Győr,N,aktiv
1606,Győr,N,aktiv
1607,Győr,N,aktiv
1608,Győr,F,aktiv
1609,Győr,F,aktiv
1610,Pécs,F,aktiv
1611,Pécs,N,aktiv
1612,Győr,N,aktiv
1613,Budapest,N,aktiv
1614,Budapest,N,aktiv
1615,Pécs,N,aktiv
1616,Budapest,F,aktiv
1617,Pécs,N,aktiv
1618,Győr,N,aktiv
1619,Pécs,F,aktiv
1620,Budapest,N,aktiv
1621,Győr,F,aktiv
1622,Győr,N,aktiv
1623,Budapest,F,aktiv
1624,Budapest,F,aktiv
1625,Győr,N,aktiv
1626,Pécs,F,aktiv
1627,Győr,N,aktiv
1628,Győr,N,aktiv
1629,Győr,N,aktiv
1630,Budapest,N,aktiv
1631,Győr,N,aktiv
1632,Budapest,N,aktiv
1633,Budapest,N,aktiv
1634,Budapest,F,aktiv
1635,Budapest,N,aktiv
1636,Pécs,N,aktiv
1637,Győr,F,aktiv
1638,Győr,N,aktiv
1639,Győr,N,aktiv
1640,Budapest,F,aktiv
1641,Győr,N,aktiv
1642,Pécs,N,aktiv
1643,Győr,N,aktiv
1644,Budapest,N,aktiv
1645,Pécs,F,aktiv
1646,Pécs,N,aktiv
1647,Pécs,N,aktiv
1648,Győr,N,aktiv
1649,Budapest,N,aktiv
1650,Budapest,N,aktiv
1651,Győr,F,aktiv
1652,Budapest,F,aktiv
1653,Győr,F,aktiv
1654,Budapest,F,aktiv
1655,Pécs,N,aktiv
1656,Budapest,F,aktiv
1657,Budapest,N,aktiv
1658,Budapest,N,aktiv
1659,Budapest,F,aktiv
1660,Pécs,N,aktiv
1661,Budapest,N,aktiv
1662,Győr,F,aktiv
1663,Budapest,N,aktiv
1664,Budapest,F,aktiv
1665,Budapest,N,aktiv
1666,Győr,F,aktiv
1667,Győr,N,aktiv
1668,Győr,N,aktiv
1669,Budapest,F,aktiv
1670,Budapest,N,aktiv
1671,Győr,N,aktiv
1672,Győr,N,aktiv
1673,Pécs,N,aktiv
1674,Budapest,F,aktiv
1675,Győr,N,aktiv
1676,Pécs,F,aktiv
1677,Budapest,F,aktiv
1678,Győr,F,aktiv
1679,Győr,N,aktiv
1680,Budapest,F,aktiv
1681,Budapest,F,aktiv
1682,Győr,N,aktiv
1683,Budapest,N,aktiv
1684,Budapest,N,aktiv
1685,Budapest,F,aktiv
1686,Budapest,F,aktiv
1687,Pécs,F,aktiv
1688,Budapest,N,aktiv
1689,Pécs,F,aktiv
1690,Budapest,F,aktiv
1691,Győr,N,aktiv
1692,Győr,N,aktiv
1693,Budapest,N,aktiv
1694,Budapest,N,aktiv
1695,Budapest,F,aktiv
1696,Győr,N,aktiv
1697,Győr,F,aktiv
1698,Győr,N,aktiv
1699,Budapest,F,aktiv
1700,Győr,N,aktiv
1701,Budapest,N,aktiv
1702,Győr,F,aktiv
1703,Pécs,F,aktiv
1704,Győr,F,aktiv
1705,Pécs,N,aktiv
1706,Győr,N,aktiv
1707,Budapest,N,aktiv
1708,Budapest,N,aktiv
1709,Budapest,F,aktiv
1710,Győr,N,aktiv
1711,Pécs,N,aktiv
1712,Budapest,N,aktiv
1713,Budapest,F,aktiv
1714,Győr,N,aktiv
1715,Budapest,N,aktiv
1716,Budapest,N,aktiv
1717,Győr,F,aktiv
1718,Pécs,N,aktiv
1719,Budapest,F,aktiv
1720,Győr,F,aktiv
1721,Budapest,F,aktiv
1722,Budapest,N,aktiv
1723,Pécs,F,aktiv
1724,Győr,F,aktiv
1725,Pécs,F,aktiv
1726,Győr,F,aktiv
1727,Győr,F,aktiv
1728,Budapest,N,aktiv
1729,Győr,N,aktiv
1730,Budapest,N,aktiv
1731,Győr,F,aktiv
1732,Győr,N,aktiv
1733,Pécs,F,aktiv
1734,Budapest,F,aktiv
1735,Pécs,N,aktiv
1736,Budapest,N,aktiv
1737,Győr,F,aktiv
1738,Pécs,F,aktiv
1739,Budapest,N,aktiv
1740,Pécs,N,aktiv
1741,Budapest,N,aktiv
1742,Győr,F,aktiv
1743,Győr,F,aktiv
1744,Budapest,F,aktiv
1745,Pécs,N,aktiv
1746,Budapest,F,aktiv
1747,Győr,F,aktiv
1748,Budapest,F,aktiv
1749,Győr,N,aktiv
1750,Pécs,N,aktiv
1751,Budapest,F,aktiv
1752,Budapest,N,aktiv
1753,Budapest,F,aktiv
1754,Budapest,N,aktiv
1755,Budapest,N,aktiv
1756,Pécs,N,aktiv
1757,Győr,N,aktiv
1758,Győr,N,aktiv
1759,Budapest,F,aktiv
1760,Budapest,N,aktiv
1761,Pécs,N,aktiv
1762,Győr,N,aktiv
1763,Pécs,F,aktiv
1764,Budapest,N,aktiv
1765,Pécs,F,aktiv
1766,Győr,F,aktiv
1767,Budapest,N,aktiv
1768,Győr,F,aktiv
1769,Győr,F,aktiv
1770,Pécs,N,aktiv
1771,Győr,F,aktiv
1772,Győr,F,aktiv
1773,Pécs,N,aktiv
1774,Győr,F,aktiv
1775,Pécs,N,aktiv
1776,Győr,N,aktiv
1777,Budapest,F,aktiv
1778,Budapest,N,aktiv
1779,Budapest,N,aktiv
1780,Pécs,F,aktiv
1781,Pécs,N,aktiv
1782,Győr,F,aktiv
1783,Budapest,F,aktiv
1784,Budapest,N,aktiv
1785,Budapest,N,aktiv
1786,Pécs,F,aktiv
1787,Pécs,F,aktiv
1788,Pécs,N,aktiv
1789,Pécs,N,aktiv
1790,Pécs,F,aktiv
1791,Győr,N,aktiv
1792,Győr,F,aktiv
1793,Pécs,N,aktiv
1794,Győr,F,aktiv
1795,Pécs,F,aktiv
1796,Budapest,N,aktiv
1797,Győr,N,aktiv
1798,Budapest,N,aktiv
1799,Budapest,N,aktiv
1800,Győr,N,aktiv
1801,Budapest,N,aktiv
1802,Pécs,N,aktiv
1803,Győr,F,aktiv
1804,Győr,F,aktiv
1805,Győr,F,aktiv
1806,Győr,F,aktiv
1807,Budapest,N,aktiv
1808,Budapest,F,aktiv
1809,Győr,N,aktiv
1810,Budapest,F,aktiv
1811,Budapest,N,aktiv
1812,Pécs,F,aktiv
1813,Győr,N,aktiv
1814,Pécs,N,aktiv
1815,Pécs,F,aktiv
1816,Győr,F,aktiv
1817,Budapest,N,aktiv
1818,Pécs,N,aktiv
1819,Pécs,F,aktiv
1820,Budapest,N,aktiv
1821,Pécs,F,aktiv
1822,Budapest,N,aktiv
1823,Budapest,F,aktiv
1824,Győr,F,aktiv
1825,Győr,N,aktiv
1826,Budapest,F,aktiv
1827,Pécs,N,aktiv
1828,Győr,N,aktiv
1829,Győr,N,aktiv
1830,Budapest,F,aktiv
1831,Pécs,N,aktiv
1832,Budapest,F,aktiv
1833,Győr,F,aktiv
1834,Győr,F,aktiv
1835,Budapest,N,aktiv
1836,Budapest,N,aktiv
1837,Budapest,F,aktiv
1838,Pécs,F,aktiv
1839,Budapest,F,aktiv
1840,Pécs,F,aktiv
1841,Budapest,F,aktiv
1842,Budapest,N,aktiv
1843,Budapest,N,aktiv
1844,Pécs,F,aktiv
1845,Budapest,N,aktiv
1846,Győr,N,aktiv
1847,Budapest,N,aktiv
1848,Győr,N,aktiv
1849,Budapest,F,aktiv
1850,Pécs,F,aktiv
1851,Budapest,N,aktiv
1852,Budapest,F,aktiv
1853,Budapest,N,aktiv
1854,Budapest,F,aktiv
1855,Pécs,F,aktiv
1856,Pécs,F,aktiv
1857,Budapest,F,aktiv
1858,Budapest,N,aktiv
1859,Budapest,F,aktiv
1860,Budapest,N,aktiv
1861,Győr,N,aktiv
1862,Győr,F,aktiv
1863,Pécs,N,aktiv
1864,Győr,N,aktiv
1865,Pécs,N,aktiv
1866,Budapest,N,aktiv
1867,Budapest,F,aktiv
1868,Győr,F,aktiv
1869,Budapest,N,aktiv
1870,Budapest,N,aktiv
1871,Budapest,N,aktiv
1872,Győr,N,aktiv
1873,Pécs,N,aktiv
1874,Győr,N,aktiv
1875,Pécs,F,aktiv
1876,Győr,F,aktiv
1877,Győr,N,aktiv
1878,Győr,N,aktiv
1879,Budapest,F,aktiv
1880,Pécs,N,aktiv
1881,Budapest,F,aktiv
1882,Budapest,N,aktiv
1883,Pécs,F,aktiv
1884,Pécs,N,aktiv
1885,Budapest,N,aktiv
1886,Budapest,N,aktiv
1887,Budapest,N,aktiv
1888,Budapest,N,aktiv
1889,Győr,F,aktiv
1890,Győr,N,aktiv
1891,Győr,N,aktiv
1892,Budapest,F,aktiv
1893,Pécs,F,aktiv
1894,Pécs,F,aktiv
1895,Budapest,N,aktiv
1896,Budapest,F,aktiv
1897,Pécs,F,aktiv
1898,Budapest,F,aktiv
1899,Budapest,N,aktiv
1900,Budapest,N,aktiv
1901,Győr,F,aktiv
1902,Budapest,N,aktiv
1903,Győr,F,aktiv
1904,Pécs,F,aktiv
1905,Pécs,N,aktiv
1906,Budapest,F,aktiv
1907,Pécs,N,aktiv
1908,Győr,F,aktiv
1909,Győr,N,aktiv
1910,Pécs,N,aktiv
1911,Pécs,F,aktiv
1912,Pécs,N,aktiv
1913,Budapest,F,aktiv
1914,Pécs,F,aktiv
1915,Győr,N,aktiv
1916,Pécs,N,aktiv
1917,Budapest,F,aktiv
1918,Budapest,N,aktiv
1919,Budapest,F,aktiv
1920,Budapest,F,aktiv
1921,Győr,F,aktiv
1922,Budapest,F,aktiv
1923,Budapest,N,aktiv
1924,Győr,F,aktiv
1925,Budapest,F,aktiv
1926,Győr,F,aktiv
1927,Pécs,N,aktiv
1928,Budapest,F,aktiv
1929,Pécs,F,aktiv
1930,Budapest,N,aktiv
1931,Budapest,F,aktiv
1932,Győr,N,aktiv
1933,Budapest,F,aktiv
1934,Budapest,N,aktiv
1935,Győr,F,aktiv
1936,Győr,F,aktiv
1937,Budapest,N,aktiv
1938,Pécs,F,aktiv
1939,Budapest,F,aktiv
1940,Budapest,F,aktiv
1941,Győr,N,aktiv
1942,Győr,N,aktiv
1943,Budapest,N,aktiv
1944,Budapest,F,aktiv
1945,Pécs,N,aktiv
1946,Győr,F,aktiv
1947,Budapest,F,aktiv
1948,Budapest,F,aktiv
1949,Pécs,F,aktiv
1950,Budapest,F,aktiv
1951,Pécs,N,aktiv
1952,Győr,N,aktiv
1953,Budapest,F,aktiv
1954,Budapest,F,aktiv
1955,Győr,N,aktiv
1956,Győr,N,aktiv
1957,Pécs,F,aktiv
1958,Budapest,F,aktiv
1959,Budapest,F,aktiv
1960,Budapest,F,aktiv
1961,Budapest,F,aktiv
1962,Budapest,N,aktiv
1963,Pécs,N,aktiv
1964,Győr,N,aktiv
1965,Pécs,N,aktiv
1966,Győr,F,aktiv
1967,Pécs,F,aktiv
1968,Pécs,N,aktiv
1969,Budapest,F,aktiv
1970,Pécs,F,aktiv
1971,Győr,N,aktiv
1972,Budapest,F,aktiv
1973,Pécs,N,aktiv
1974,Győr,F,aktiv
1975,Pécs,F,aktiv
1976,Budapest,N,aktiv
1977,Győr,N,aktiv
1978,Pécs,F,aktiv
1979,Győr,F,aktiv
1980,Budapest,N,aktiv
1981,Budapest,N,aktiv
1982,Győr,F,aktiv
1983,Pécs,F,aktiv
1984,Győr,N,aktiv
1985,Budapest,F,aktiv
1986,Győr,F,aktiv
1987,Győr,N,aktiv
1988,Budapest,N,aktiv
1989,Budapest,F,aktiv
1990,Budapest,N,aktiv
1991,Budapest,N,aktiv
1992,Budapest,N,aktiv
1993,Pécs,F,aktiv
1994,Győr,N,aktiv
1995,Budapest,F,aktiv
1996,Pécs,F,aktiv
1997,Győr,F,aktiv
1998,Budapest,F,aktiv
1999,Győr,N,aktiv
2000,Budapest,F,aktiv
2001,Győr,F,aktiv
2002,Budapest,F,aktiv
2003,Győr,N,aktiv
2004,Győr,N,aktiv
2005,Budapest,N,aktiv
2006,Budapest,N,aktiv
2007,Pécs,N,aktiv
2008,Budapest,F,aktiv
2009,Budapest,F,aktiv
2010,Pécs,N,aktiv
2011,Budapest,F,aktiv
2012,Győr,N,aktiv
2013,Budapest,F,aktiv
2014,Győr,F,aktiv
2015,Budapest,F,aktiv
2016,Győr,N,aktiv
2017,Győr,N,aktiv
2018,Budapest,F,aktiv
2019,Pécs,N,aktiv
2020,Győr,N,aktiv
2021,Budapest,F,aktiv
2022,Budapest,F,aktiv
2023,Győr,F,aktiv
2024,Győr,F,aktiv
2025,Budapest,N,aktiv
2026,Budapest,F,aktiv
2027,Budapest,N,aktiv
2028,Budapest,F,aktiv
2029,Győr,N,aktiv
2030,Pécs,F,aktiv
2031,Győr,F,aktiv
2032,Budapest,F,aktiv
2033,Budapest,F,aktiv
2034,Budapest,F,aktiv
2035,Budapest,F,aktiv
2036,Győr,N,aktiv
2037,Budapest,N,aktiv
2038,Budapest,N,aktiv
2039,Budapest,F,aktiv
2040,Budapest,N,aktiv
2041,Budapest,F,aktiv
2042,Pécs,N,aktiv
2043,Győr,F,aktiv
2044,Budapest,F,aktiv
2045,Budapest,N,aktiv
2046,Budapest,N,aktiv
2047,Győr,N,aktiv
2048,Budapest,F,aktiv
2049,Pécs,N,aktiv
2050,Győr,F,aktiv
2051,Pécs,N,aktiv
2052,Budapest,N,aktiv
2053,Budapest,N,aktiv
2054,Pécs,F,aktiv
2055,Budapest,N,aktiv
2056,Budapest,F,aktiv
2057,Budapest,N,aktiv
2058,Győr,F,aktiv
2059,Budapest,N,aktiv
2060,Pécs,F,aktiv
2061,Győr,F,aktiv
2062,Budapest,F,aktiv
2063,Győr,F,aktiv
2064,Győr,F,aktiv
2065,Budapest,F,aktiv
2066,Budapest,F,aktiv
2067,Pécs,F,aktiv
2068,Pécs,N,aktiv
2069,Győr,N,aktiv
2070,Pécs,N,aktiv
2071,Pécs,F,aktiv
2072,Győr,F,aktiv
2073,Pécs,F,aktiv
2074,Budapest,N,aktiv
2075,Pécs,F,aktiv
2076,Budapest,N,aktiv
2077,Budapest,F,aktiv
2078,Budapest,N,aktiv
2079,Budapest,N,aktiv
2080,Győr,N,aktiv
2081,Budapest,F,aktiv
2082,Pécs,N,aktiv
2083,Budapest,F,aktiv
2084,Győr,F,aktiv
2085,Budapest,F,aktiv
2086,Budapest,F,aktiv
2087,Győr,F,aktiv
2088,Győr,N,aktiv
2089,Pécs,F,aktiv
2090,Budapest,N,aktiv
2091,Budapest,N,aktiv
2092,Budapest,N,aktiv
2093,Budapest,N,aktiv
2094,Budapest,F,aktiv
2095,Budapest,N,aktiv
2096,Budapest,F,aktiv
2097,Győr,N,aktiv
2098,Győr,F,aktiv
2099,Pécs,N,aktiv
2100,Budapest,N,aktiv
2101,Budapest,F,aktiv
2102,Győr,N,aktiv
2103,Budapest,N,aktiv
2104,Budapest,N,aktiv
2105,Budapest,F,aktiv
2106,Győr,F,aktiv
2107,Budapest,F,aktiv
2108,Győr,F,aktiv
2109,Győr,N,aktiv
2110,Pécs,F,aktiv
2111,Győr,F,aktiv
2112,Győr,N,aktiv
2113,Budapest,F,aktiv
2114,Budapest,N,aktiv
2115,Pécs,F,aktiv
2116,Pécs,N,aktiv
2117,Győr,N,aktiv
2118,Pécs,F,aktiv
2119,Budapest,F,aktiv
2120,Budapest,F,aktiv
2121,Győr,N,aktiv
2122,Győr,N,aktiv
2123,Pécs,F,aktiv
2124,Budapest,F,aktiv
2125,Budapest,N,aktiv
2126,Budapest,F,aktiv
2127,Győr,F,aktiv
2128,Győr,F,aktiv
2129,Pécs,N,aktiv
2130,Budapest,N,aktiv
2131,Győr,N,aktiv
2132,Budapest,F,aktiv
2133,Győr,F,aktiv
2134,Győr,F,aktiv
2135,Győr,N,aktiv
2136,Győr,F,aktiv
2137,Budapest,F,aktiv
2138,Budapest,N,aktiv
2139,Budapest,F,aktiv
2140,Pécs,F,aktiv
2141,Budapest,N,aktiv
2142,Budapest,N,aktiv
2143,Budapest,N,aktiv
2144,Pécs,N,aktiv
2145,Győr,N,aktiv
2146,Pécs,N,aktiv
2147,Pécs,N,aktiv
2148,Pécs,N,aktiv
2149,Győr,F,aktiv
2150,Budapest,F,aktiv
2151,Pécs,F,aktiv
2152,Győr,F,aktiv
2153,Pécs,F,aktiv
2154,Budapest,F,aktiv
2155,Győr,F,aktiv
2156,Győr,F,aktiv
2157,Pécs,N,aktiv
2158,Budapest,N,aktiv
2159,Pécs,N,aktiv
2160,Pécs,N,aktiv
2161,Győr,F,aktiv
2162,Pécs,N,aktiv
2163,Budapest,F,aktiv
2164,Győr,N,aktiv
2165,Budapest,N,aktiv
2166,Győr,N,aktiv
2167,Pécs,N,aktiv
2168,Pécs,F,aktiv
2169,Budapest,F,aktiv
2170,Pécs,F,aktiv
2171,Budapest,N,aktiv
2172,Budapest,F,aktiv
2173,Budapest,F,aktiv
2174,Pécs,N,aktiv
2175,Budapest,F,aktiv
2176,Győr,F,aktiv
2177,Budapest,F,aktiv
2178,Budapest,N,aktiv
2179,Budapest,N,aktiv
2180,Budapest,F,aktiv
2181,Győr,N,aktiv
2182,Budapest,N,aktiv
2183,Győr,F,aktiv
2184,Budapest,F,aktiv
2185,Pécs,N,aktiv
2186,Győr,N,aktiv
2187,Budapest,F,aktiv
2188,Győr,F,aktiv
2189,Pécs,N,aktiv
2190,Budapest,F,aktiv
2191,Pécs,F,aktiv
2192,Győr,F,aktiv
2193,Győr,F,aktiv
2194,Pécs,F,aktiv
2195,Budapest,F,aktiv
2196,Budapest,F,aktiv
2197,Győr,F,aktiv
2198,Győr,N,aktiv
2199,Győr,N,aktiv
2200,Pécs,F,aktiv
2201,Budapest,N,aktiv
2202,Pécs,F,aktiv
2203,Győr,F,aktiv
2204,Pécs,F,aktiv
2205,Pécs,F,aktiv
2206,Győr,N,aktiv
2207,Győr,F,aktiv
2208,Győr,F,aktiv
2209,Budapest,N,aktiv
2210,Győr,F,aktiv
2211,Budapest,F,aktiv
2212,Győr,N,aktiv
2213,Budapest,F,aktiv
2214,Budapest,F,aktiv
2215,Győr,N,aktiv
2216,Pécs,N,aktiv
2217,Győr,N,aktiv
2218,Budapest,F,aktiv
2219,Pécs,N,aktiv
2220,Budapest,N,aktiv
2221,Pécs,F,aktiv
2222,Pécs,N,aktiv
2223,Budapest,F,aktiv
2224,Győr,F,aktiv
2225,Budapest,N,aktiv
2226,Pécs,N,aktiv
2227,Győr,N,aktiv
2228,Győr,F,aktiv
2229,Győr,F,aktiv
2230,Pécs,F,aktiv
2231,Budapest,N,aktiv
2232,Budapest,N,aktiv
2233,Budapest,N,aktiv
2234,Budapest,N,aktiv
2235,Budapest,F,aktiv
2236,Győr,F,aktiv
2237,Budapest,N,aktiv
2238,Győr,N,aktiv
2239,Budapest,F,aktiv
2240,Pécs,N,aktiv
2241,Győr,F,aktiv
2242,Győr,F,aktiv
2243,Budapest,F,aktiv
2244,Győr,N,aktiv
2245,Pécs,N,aktiv
2246,Győr,N,aktiv
2247,Győr,N,aktiv
2248,Budapest,N,aktiv
2249,Győr,N,aktiv
2250,Pécs,N,aktiv
2251,Budapest,N,aktiv
2252,Budapest,F,aktiv
2253,Pécs,F,aktiv
2254,Győr,N,aktiv
2255,Budapest,F,aktiv
2256,Pécs,F,aktiv
2257,Győr,N,aktiv
2258,Budapest,F,aktiv
2259,Győr,N,aktiv
2260,Pécs,N,aktiv
2261,Budapest,F,aktiv
2262,Pécs,F,aktiv
2263,Győr,F,aktiv
2264,Pécs,F,aktiv
2265,Budapest,F,aktiv
2266,Győr,N,aktiv
2267,Pécs,F,aktiv
2268,Győr,F,aktiv
2269,Pécs,N,aktiv
2270,Pécs,N,aktiv
2271,Győr,F,aktiv
2272,Budapest,F,aktiv
2273,Budapest,F,aktiv
2274,Pécs,N,aktiv
2275,Budapest,N,aktiv
2276,Pécs,F,aktiv
2277,Pécs,N,aktiv
2278,Budapest,F,aktiv
2279,Budapest,F,aktiv
2280,Pécs,N,aktiv
2281,Budapest,N,aktiv
2282,Budapest,F,aktiv
2283,Budapest,N,aktiv
2284,Győr,F,aktiv
2285,Győr,F,aktiv
2286,Győr,F,aktiv
2287,Budapest,F,aktiv
2288,Pécs,F,aktiv
2289,Budapest,F,aktiv
2290,Pécs,N,aktiv
2291,Győr,F,aktiv
2292,Győr,N,aktiv
2293,Budapest,F,aktiv
2294,Budapest,F,aktiv
2295,Győr,N,aktiv
2296,Győr,F,aktiv
2297,Budapest,N,aktiv
2298,Budapest,F,aktiv
2299,Budapest,F,aktiv
2300,Budapest,F,aktiv
2301,Budapest,F,aktiv
2302,Győr,F,aktiv
2303,Győr,N,aktiv
2304,Pécs,F,aktiv
2305,Budapest,N,aktiv
2306,Budapest,N,aktiv
2307,Budapest,F,aktiv
2308,Győr,N,aktiv
2309,Budapest,N,aktiv
2310,Budapest,N,aktiv
2311,Budapest,F,aktiv
2312,Budapest,F,aktiv
2313,Pécs,N,aktiv
2314,Budapest,N,aktiv
2315,Győr,N,aktiv
2316,Budapest,F,aktiv
2317,Budapest,N,aktiv
2318,Győr,F,aktiv
2319,Budapest,F,aktiv
2320,Pécs,N,aktiv
2321,Győr,N,aktiv
2322,Pécs,N,aktiv
2323,Budapest,F,aktiv
2324,Győr,F,aktiv
2325,Budapest,F,aktiv
2326,Győr,N,aktiv
2327,Budapest,F,aktiv
2328,Győr,F,aktiv
2329,Pécs,N,aktiv
2330,Budapest,F,aktiv
2331,Győr,F,aktiv
2332,Győr,N,aktiv
2333,Pécs,F,aktiv
2334,Budapest,N,aktiv
2335,Győr,F,aktiv
2336,Budapest,F,aktiv
2337,Pécs,N,aktiv
2338,Budapest,N,aktiv
2339,Győr,F,aktiv
2340,Győr,F,aktiv
2341,Pécs,N,aktiv
2342,Budapest,N,aktiv
2343,Budapest,F,aktiv
2344,Győr,N,aktiv
2345,Győr,F,aktiv
2346,Budapest,F,aktiv
2347,Győr,F,aktiv
2348,Budapest,N,aktiv
2349,Budapest,N,aktiv
2350,Budapest,F,aktiv
2351,Budapest,F,aktiv
2352,Budapest,F,aktiv
2353,Budapest,N,aktiv
2354,Budapest,N,aktiv
2355,Győr,N,aktiv
2356,Pécs,F,aktiv
2357,Pécs,N,aktiv
2358,Budapest,N,aktiv
2359,Budapest,N,aktiv
2360,Győr,N,aktiv
2361,Győr,N,aktiv
2362,Pécs,F,aktiv
2363,Győr,N,aktiv
2364,Győr,F,aktiv
2365,Győr,F,aktiv
2366,Budapest,N,aktiv
2367,Győr,F,aktiv
2368,Budapest,F,aktiv
2369,Budapest,N,aktiv
2370,Budapest,F,aktiv
2371,Budapest,N,aktiv
2372,Győr,N,aktiv
2373,Budapest,F,aktiv
2374,Pécs,F,aktiv
2375,Pécs,N,aktiv
2376,Budapest,F,aktiv
2377,Budapest,N,aktiv
2378,Budapest,F,aktiv
2379,Pécs,F,aktiv
2380,Pécs,F,aktiv
2381,Budapest,N,aktiv
2382,Pécs,N,aktiv
2383,Győr,F,aktiv
2384,Győr,N,aktiv
2385,Pécs,F,aktiv
2386,Budapest,N,aktiv
2387,Budapest,F,aktiv
2388,Pécs,F,aktiv
2389,Pécs,F,aktiv
2390,Győr,N,aktiv
2391,Budapest,F,aktiv
2392,Budapest,F,aktiv
2393,Budapest,N,aktiv
2394,Győr,N,aktiv
2395,Budapest,N,aktiv
2396,Pécs,N,aktiv
2397,Győr,F,aktiv
2398,Budapest,F,aktiv
2399,Budapest,F,aktiv
2400,Győr,N,aktiv
2401,Győr,N,aktiv
2402,Győr,F,aktiv
2403,Budapest,F,aktiv
2404,Budapest,N,aktiv
2405,Pécs,F,aktiv
2406,Pécs,N,aktiv
2407,Győr,F,aktiv
2408,Győr,N,aktiv
2409,Győr,N,aktiv
2410,Győr,F,aktiv
2411,Budapest,F,aktiv
2412,Budapest,F,aktiv
2413,Pécs,F,aktiv
2414,Budapest,F,aktiv
2415,Budapest,N,aktiv
2416,Budapest,F,aktiv
2417,Budapest,N,aktiv
2418,Budapest,F,aktiv
2419,Győr,N,aktiv
2420,Győr,N,aktiv
2421,Budapest,N,aktiv
2422,Győr,N,aktiv
2423,Budapest,N,aktiv
2424,Győr,F,aktiv
2425,Pécs,N,aktiv
2426,Pécs,F,aktiv
2427,Budapest,N,aktiv
2428,Budapest,N,aktiv
2429,Budapest,N,aktiv
2430,Győr,F,aktiv
2431,Budapest,N,aktiv
2432,Pécs,F,aktiv
2433,Budapest,N,aktiv
2434,Győr,N,aktiv
2435,Budapest,N,aktiv
2436,Budapest,N,aktiv
2437,Budapest,F,aktiv
2438,Budapest,N,aktiv
2439,Budapest,F,aktiv
2440,Budapest,F,aktiv
2441,Győr,F,aktiv
2442,Budapest,F,aktiv
2443,Győr,N,aktiv
2444,Budapest,N,aktiv
2445,Győr,F,aktiv
2446,Pécs,F,aktiv
2447,Győr,N,aktiv
2448,Győr,N,aktiv
2449,Győr,N,aktiv
2450,Győr,F,aktiv
2451,Győr,N,aktiv
2452,Budapest,N,aktiv
2453,Pécs,F,aktiv
2454,Pécs,N,aktiv
2455,Budapest,F,aktiv
2456,Budapest,F,aktiv
2457,Budapest,F,aktiv
2458,Győr,N,aktiv
2459,Győr,F,aktiv
2460,Pécs,F,aktiv
2461,Budapest,F,aktiv
2462,Győr,F,aktiv
2463,Győr,F,aktiv
2464,Budapest,F,aktiv
2465,Győr,N,aktiv
2466,Győr,F,aktiv
2467,Győr,N,aktiv
2468,Pécs,F,aktiv
2469,Budapest,F,aktiv
2470,Győr,N,aktiv
2471,Budapest,N,aktiv
2472,Győr,F,aktiv
2473,Budapest,F,aktiv
2474,Budapest,N,aktiv
2475,Budapest,N,aktiv
2476,Pécs,N,aktiv
2477,Győr,N,aktiv
2478,Budapest,N,aktiv
2479,Budapest,F,aktiv
2480,Győr,N,aktiv
2481,Pécs,F,aktiv
2482,Budapest,N,aktiv
2483,Budapest,F,aktiv
2484,Győr,F,aktiv
2485,Győr,F,aktiv
2486,Győr,F,aktiv
2487,Budapest,F,aktiv
2488,Budapest,N,aktiv
2489,Győr,N,aktiv
2490,Budapest,N,aktiv
2491,Győr,N,aktiv
2492,Győr,N,aktiv
2493,Budapest,N,aktiv
2494,Pécs,N,aktiv
2495,Budapest,F,aktiv
2496,Budapest,F,aktiv
2497,Pécs,N,aktiv
2498,Győr,N,aktiv
2499,Pécs,F,aktiv
2500,Budapest,N,aktiv
2501,Budapest,F,aktiv
2502,Győr,N,aktiv
2503,Budapest,N,aktiv
2504,Budapest,F,aktiv
2505,Pécs,F,aktiv
2506,Pécs,N,aktiv
2507,Budapest,N,aktiv
2508,Budapest,N,aktiv
2509,Pécs,F,aktiv
2510,Pécs,N,aktiv
2511,Budapest,N,aktiv
2512,Budapest,N,aktiv
2513,Pécs,N,aktiv
2514,Győr,N,aktiv
2515,Győr,F,aktiv
2516,Győr,F,aktiv
2517,Budapest,F,aktiv
2518,Budapest,N,aktiv
2519,Budapest,N,aktiv
2520,Győr,N,aktiv
2521,Győr,N,aktiv
2522,Budapest,N,aktiv
2523,Győr,F,aktiv
2524,Pécs,F,aktiv
2525,Pécs,N,aktiv
2526,Pécs,F,aktiv
2527,Budapest,N,aktiv
2528,Pécs,N,aktiv
2529,Győr,N,aktiv
2530,Pécs,F,aktiv
2531,Budapest,F,aktiv
2532,Pécs,F,aktiv
2533,Győr,N,aktiv
2534,Budapest,N,aktiv
2535,Budapest,F,aktiv
2536,Győr,F,aktiv
2537,Pécs,F,aktiv
2538,Győr,F,aktiv
2539,Budapest,F,aktiv
2540,Pécs,F,aktiv
2541,Budapest,F,aktiv
2542,Győr,F,aktiv
2543,Pécs,N,aktiv
2544,Budapest,F,aktiv
2545,Pécs,N,aktiv
2546,Pécs,F,aktiv
2547,Budapest,N,aktiv
2548,Budapest,N,aktiv
2549,Győr,N,aktiv
2550,Budapest,N,aktiv
2551,Pécs,F,aktiv
2552,Budapest,F,aktiv
2553,Pécs,F,aktiv
2554,Budapest,N,aktiv
2555,Budapest,N,aktiv
2556,Budapest,N,aktiv
2557,Pécs,F,aktiv
2558,Budapest,N,aktiv
2559,Pécs,N,aktiv
2560,Pécs,N,aktiv
2561,Budapest,F,aktiv
2562,Budapest,N,aktiv
2563,Pécs,F,aktiv
2564,Győr,N,aktiv
2565,Budapest,F,aktiv
2566,Győr,N,aktiv
2567,Győr,F,aktiv
2568,Győr,F,aktiv
2569,Győr,F,aktiv
2570,Budapest,F,aktiv
2571,Budapest,F,aktiv
2572,Pécs,F,aktiv
2573,Győr,N,aktiv
2574,Pécs,N,aktiv
2575,Budapest,F,aktiv
2576,Budapest,F,aktiv
2577,Győr,N,aktiv
2578,Budapest,F,aktiv
2579,Győr,F,aktiv
2580,Győr,F,aktiv
2581,Budapest,F,aktiv
2582,Budapest,N,aktiv
2583,Budapest,N,aktiv
2584,Budapest,N,aktiv
2585,Budapest,N,aktiv
2586,Budapest,N,aktiv
2587,Pécs,N,aktiv
2588,Budapest,N,aktiv
2589,Budapest,N,aktiv
2590,Győr,F,aktiv
2591,Győr,N,aktiv
2592,Győr,N,aktiv
2593,Győr,N,aktiv
2594,Pécs,F,aktiv
2595,Pécs,F,aktiv
2596,Budapest,N,aktiv
2597,Győr,N,aktiv
2598,Budapest,N,aktiv
2599,Budapest,F,aktiv
2600,Budapest,N,aktiv
2601,Budapest,F,aktiv
2602,Pécs,N,aktiv
2603,Győr,N,aktiv
2604,Győr,N,aktiv
2605,Budapest,N,aktiv
2606,Győr,N,aktiv
2607,Győr,N,aktiv
2608,Pécs,F,aktiv
2609,Budapest,F,aktiv
2610,Budapest,F,aktiv
2611,Budapest,F,aktiv
2612,Budapest,N,aktiv
2613,Budapest,N,aktiv
2614,Budapest,F,aktiv
2615,Győr,F,aktiv
2616,Budapest,N,aktiv
2617,Budapest,N,aktiv
2618,Budapest,N,aktiv
2619,Pécs,N,aktiv
2620,Budapest,N,aktiv
2621,Győr,N,aktiv
2622,Budapest,F,aktiv
2623,Győr,F,aktiv
2624,Pécs,N,aktiv
2625,Budapest,F,aktiv
2626,Pécs,N,aktiv
2627,Pécs,N,aktiv
2628,Budapest,N,aktiv
2629,Győr,F,aktiv
2630,Budapest,F,aktiv
2631,Budapest,N,aktiv
2632,Budapest,F,aktiv
2633,Budapest,N,aktiv
2634,Pécs,F,aktiv
2635,Győr,N,aktiv
2636,Budapest,F,aktiv
2637,Budapest,N,aktiv
2638,Budapest,F,aktiv
2639,Budapest,F,aktiv
2640,Győr,N,aktiv
2641,Budapest,F,aktiv
2642,Győr,N,aktiv
2643,Győr,N,aktiv
2644,Győr,N,aktiv
2645,Budapest,N,aktiv
2646,Győr,N,aktiv
2647,Budapest,N,aktiv
2648,Pécs,N,aktiv
2649,Budapest,F,aktiv
2650,Budapest,N,aktiv
2651,Budapest,F,aktiv
2652,Győr,F,aktiv
2653,Budapest,N,aktiv
2654,Budapest,F,aktiv
2655,Győr,F,aktiv
2656,Budapest,N,aktiv
2657,Győr,N,aktiv
2658,Pécs,N,aktiv
2659,Győr,F,aktiv
2660,Budapest,F,aktiv
2661,Győr,F,aktiv
2662,Budapest,F,aktiv
2663,Győr,N,aktiv
2664,Győr,N,aktiv
2665,Győr,N,aktiv
2666,Pécs,F,aktiv
2667,Győr,N,aktiv
2668,Győr,F,aktiv
2669,Budapest,F,aktiv
2670,Budapest,N,aktiv
2671,Pécs,N,aktiv
2672,Budapest,F,aktiv
2673,Győr,N,aktiv
2674,Pécs,F,aktiv
2675,Budapest,F,aktiv
2676,Győr,N,aktiv
2677,Győr,N,aktiv
2678,Győr,F,aktiv
2679,Budapest,F,aktiv
2680,Budapest,F,aktiv
2681,Pécs,N,aktiv
2682,Győr,F,aktiv
2683,Budapest,F,aktiv
2684,Győr,N,aktiv
2685,Győr,N,aktiv
2686,Budapest,N,aktiv
2687,Pécs,N,aktiv
2688,Győr,N,aktiv
2689,Budapest,N,aktiv
2690,Budapest,F,aktiv
2691,Pécs,F,aktiv
2692,Győr,F,aktiv
2693,Budapest,N,aktiv
2694,Győr,F,aktiv
2695,Győr,N,aktiv
2696,Budapest,F,aktiv
2697,Győr,F,aktiv
2698,Győr,F,aktiv
2699,Budapest,F,aktiv
2700,Budapest,F,aktiv
2701,Budapest,N,aktiv
2702,Győr,N,aktiv
2703,Győr,F,aktiv
2704,Budapest,F,aktiv
2705,Budapest,N,aktiv
2706,Budapest,N,aktiv
2707,Pécs,F,aktiv
2708,Budapest,F,aktiv
2709,Budapest,F,aktiv
2710,Pécs,N,aktiv
2711,Budapest,N,aktiv
2712,Budapest,N,aktiv
2713,Győr,N,aktiv
2714,Pécs,N,aktiv
2715,Győr,F,aktiv
2716,Győr,N,aktiv
2717,Budapest,N,aktiv
2718,Budapest,N,aktiv
2719,Pécs,F,aktiv
2720,Győr,F,aktiv
2721,Győr,N,aktiv
2722,Győr,F,aktiv
2723,Budapest,F,aktiv
2724,Budapest,F,aktiv
2725,Győr,F,aktiv
2726,Budapest,F,aktiv
2727,Győr,F,aktiv
2728,Pécs,F,aktiv
2729,Győr,F,aktiv
2730,Budapest,N,aktiv
2731,Győr,F,aktiv
2732,Budapest,N,aktiv
2733,Győr,N,aktiv
2734,Budapest,F,aktiv
2735,Pécs,F,aktiv
2736,Pécs,F,aktiv
2737,Budapest,F,aktiv
2738,Győr,F,aktiv
2739,Győr,F,aktiv
2740,Győr,N,aktiv
2741,Győr,N,aktiv
2742,Pécs,N,aktiv
2743,Pécs,F,aktiv
2744,Budapest,N,aktiv
2745,Budapest,N,aktiv
2746,Budapest,F,aktiv
2747,Pécs,F,aktiv
2748,Győr,F,aktiv
2749,Budapest,N,aktiv
2750,Budapest,N,aktiv
2751,Győr,F,aktiv
2752,Győr,N,aktiv
2753,Pécs,F,aktiv
2754,Győr,N,aktiv
2755,Győr,F,aktiv
2756,Budapest,F,aktiv
2757,Győr,N,aktiv
2758,Budapest,F,aktiv
2759,Budapest,F,aktiv
2760,Pécs,N,aktiv
2761,Pécs,F,aktiv
2762,Budapest,F,aktiv
2763,Győr,N,aktiv
2764,Budapest,F,aktiv
2765,Budapest,N,aktiv
2766,Budapest,N,aktiv
2767,Pécs,N,aktiv
2768,Budapest,F,aktiv
2769,Győr,F,aktiv
2770,Budapest,N,aktiv
2771,Győr,F,aktiv
2772,Budapest,N,aktiv
2773,Győr,N,aktiv
2774,Pécs,F,aktiv
2775,Pécs,F,aktiv
2776,Pécs,F,aktiv
2777,Pécs,F,aktiv
2778,Győr,F,aktiv
2779,Budapest,N,aktiv
2780,Budapest,F,aktiv
2781,Budapest,F,aktiv
2782,Pécs,F,aktiv
2783,Győr,F,aktiv
2784,Győr,N,aktiv
2785,Győr,F,aktiv
2786,Győr,N,aktiv
2787,Győr,N,aktiv
2788,Győr,N,aktiv
2789,Győr,N,aktiv
2790,Győr,F,aktiv
2791,Budapest,F,aktiv
2792,Pécs,F,aktiv
2793,Pécs,F,aktiv
2794,Pécs,N,aktiv
2795,Budapest,N,aktiv
2796,Budapest,N,aktiv
2797,Győr,N,aktiv
2798,Budapest,F,aktiv
2799,Pécs,F,aktiv
2800,Győr,F,aktiv
2801,Győr,F,aktiv
2802,Budapest,F,aktiv
2803,Budapest,F,aktiv
2804,Győr,N,aktiv
2805,Győr,N,aktiv
2806,Budapest,N,aktiv
2807,Budapest,N,aktiv
2808,Győr,F,aktiv
2809,Budapest,N,aktiv
2810,Budapest,N,aktiv
2811,Pécs,F,aktiv
2812,Győr,F,aktiv
2813,Budapest,N,aktiv
2814,Pécs,N,aktiv
2815,Pécs,N,aktiv
2816,Pécs,N,aktiv
2817,Budapest,N,aktiv
2818,Budapest,N,aktiv
2819,Győr,N,aktiv
2820,Győr,F,aktiv
2821,Győr,F,aktiv
2822,Budapest,F,aktiv
2823,Győr,F,aktiv
2824,Győr,F,aktiv
2825,Budapest,F,aktiv
2826,Pécs,N,aktiv
2827,Győr,N,aktiv
2828,Budapest,N,aktiv
2829,Pécs,F,aktiv
2830,Budapest,N,aktiv
2831,Budapest,N,aktiv
2832,Budapest,F,aktiv
2833,Budapest,F,aktiv
2834,Győr,N,aktiv
2835,Budapest,N,aktiv
2836,Pécs,F,aktiv
2837,Budapest,N,aktiv
2838,Pécs,N,aktiv
2839,Győr,F,aktiv
2840,Győr,F,aktiv
2841,Budapest,N,aktiv
2842,Budapest,N,aktiv
2843,Pécs,F,aktiv
2844,Győr,F,aktiv
2845,Budapest,N,aktiv
2846,Budapest,F,aktiv
2847,Budapest,N,aktiv
2848,Pécs,F,aktiv
2849,Pécs,N,aktiv
2850,Pécs,N,aktiv
2851,Budapest,N,aktiv
2852,Pécs,F,aktiv
2853,Győr,F,aktiv
2854,Győr,F,aktiv
2855,Pécs,F,aktiv
2856,Budapest,N,aktiv
2857,Budapest,N,aktiv
2858,Pécs,F,aktiv
2859,Győr,F,aktiv
2860,Pécs,N,aktiv
2861,Pécs,N,aktiv
2862,Pécs,F,aktiv
2863,Budapest,N,aktiv
2864,Győr,N,aktiv
2865,Budapest,F,aktiv
2866,Győr,F,aktiv
2867,Budapest,N,aktiv
2868,Budapest,N,aktiv
2869,Budapest,F,aktiv
2870,Pécs,F,aktiv
2871,Budapest,N,aktiv
2872,Győr,N,aktiv
2873,Győr,N,aktiv
2874,Budapest,F,aktiv
2875,Pécs,N,aktiv
2876,Budapest,N,aktiv
2877,Budapest,N,aktiv
2878,Győr,F,aktiv
2879,Győr,N,aktiv
2880,Budapest,F,aktiv
2881,Pécs,F,aktiv
2882,Pécs,N,aktiv
2883,Győr,N,aktiv
2884,Győr,F,aktiv
2885,Budapest,F,aktiv
2886,Budapest,F,aktiv
2887,Győr,N,aktiv
2888,Pécs,F,aktiv
2889,Győr,N,aktiv
2890,Budapest,N,aktiv
2891,Budapest,N,aktiv
2892,Pécs,F,aktiv
2893,Pécs,F,aktiv
2894,Pécs,N,aktiv
2895,Győr,N,aktiv
2896,Pécs,N,aktiv
2897,Budapest,N,aktiv
2898,Budapest,N,aktiv
2899,Budapest,F,aktiv
2900,Budapest,F,aktiv
2901,Budapest,F,aktiv
2902,Budapest,F,aktiv
2903,Győr,N,aktiv
2904,Győr,N,aktiv
2905,Pécs,N,aktiv
2906,Győr,N,aktiv
2907,Budapest,F,aktiv
2908,Győr,F,aktiv
2909,Budapest,F,aktiv
2910,Pécs,N,aktiv
2911,Győr,F,aktiv
2912,Pécs,N,aktiv
2913,Budapest,F,aktiv
2914,Pécs,N,aktiv
2915,Pécs,F,aktiv
2916,Győr,F,aktiv
2917,Pécs,F,aktiv
2918,Győr,N,aktiv
2919,Győr,F,aktiv
2920,Budapest,N,aktiv
2921,Győr,F,aktiv
2922,Budapest,N,aktiv
2923,Budapest,F,aktiv
2924,Győr,N,aktiv
2925,Budapest,F,aktiv
2926,Győr,F,aktiv
2927,Budapest,N,aktiv
2928,Budapest,N,aktiv
2929,Budapest,F,aktiv
2930,Pécs,N,aktiv
2931,Győr,F,aktiv
2932,Pécs,F,aktiv
2933,Győr,N,aktiv
2934,Budapest,N,aktiv
2935,Budapest,F,aktiv
2936,Pécs,F,aktiv
2937,Pécs,F,aktiv
2938,Pécs,F,aktiv
2939,Budapest,N,aktiv
2940,Győr,N,aktiv
2941,Győr,N,aktiv
2942,Budapest,N,aktiv
2943,Győr,F,aktiv
2944,Győr,N,aktiv
2945,Győr,N,aktiv
2946,Budapest,N,aktiv
2947,Budapest,N,aktiv
2948,Győr,N,aktiv
2949,Budapest,F,aktiv
2950,Győr,F,aktiv
2951,Budapest,N,aktiv
2952,Budapest,N,aktiv
2953,Budapest,N,aktiv
2954,Győr,F,aktiv
2955,Győr,F,aktiv
2956,Budapest,F,aktiv
2957,Pécs,N,aktiv
2958,Budapest,N,aktiv
2959,Pécs,F,aktiv
2960,Budapest,F,aktiv
2961,Pécs,N,aktiv
2962,Pécs,F,aktiv
2963,Budapest,N,aktiv
2964,Győr,N,aktiv
2965,Pécs,N,aktiv
2966,Budapest,N,aktiv
2967,Győr,N,aktiv
2968,Győr,F,aktiv
2969,Győr,F,aktiv
2970,Budapest,F,aktiv
2971,Pécs,N,aktiv
2972,Győr,F,aktiv
2973,Győr,F,aktiv
2974,Győr,F,aktiv
2975,Budapest,F,aktiv
2976,Győr,N,aktiv
2977,Győr,F,aktiv
2978,Győr,N,aktiv
2979,Budapest,N,aktiv
2980,Budapest,F,aktiv
2981,Budapest,F,aktiv
2982,Budapest,N,aktiv
2983,Budapest,F,aktiv
2984,Pécs,F,aktiv
2985,Pécs,N,aktiv
2986,Pécs,N,aktiv
2987,Budapest,F,aktiv
2988,Pécs,F,aktiv
2989,Pécs,N,aktiv
2990,Pécs,F,aktiv
2991,Győr,N,aktiv
2992,Budapest,F,aktiv
2993,Győr,N,aktiv
2994,Budapest,N,aktiv
2995,Budapest,N,aktiv
2996,Győr,N,aktiv
2997,Győr,F,aktiv
2998,Pécs,F,aktiv
2999,Budapest,N,aktiv
3000,Budapest,F,aktiv
3001,Pécs,N,aktiv
3002,Győr,F,aktiv
3003,Pécs,N,aktiv
3004,Pécs,F,aktiv
3005,Budapest,F,aktiv
3006,Budapest,N,aktiv
3007,Győr,N,aktiv
3008,Győr,F,aktiv
3009,Budapest,F,aktiv
3010,Budapest,F,aktiv
3011,Budapest,F,aktiv
3012,Budapest,F,aktiv
3013,Budapest,N,aktiv
3014,Győr,F,aktiv
3015,Győr,N,aktiv
3016,Pécs,N,aktiv
3017,Budapest,N,aktiv
3018,Pécs,F,aktiv
3019,Pécs,F,aktiv
3020,Győr,N,aktiv
3021,Győr,F,aktiv
3022,Győr,N,aktiv
3023,Győr,N,aktiv
3024,Pécs,F,aktiv
3025,Budapest,F,aktiv
3026,Győr,F,aktiv
3027,Budapest,N,aktiv
3028,Győr,F,aktiv
3029,Pécs,N,aktiv
3030,Budapest,N,aktiv
3031,Győr,N,aktiv
3032,Pécs,F,aktiv
3033,Pécs,N,aktiv
3034,Budapest,F,aktiv
3035,Budapest,F,aktiv
3036,Budapest,F,aktiv
3037,Pécs,F,aktiv
3038,Győr,N,aktiv
3039,Budapest,N,aktiv
3040,Győr,F,aktiv
3041,Budapest,N,aktiv
3042,Budapest,F,aktiv
3043,Győr,F,aktiv
3044,Budapest,N,aktiv
3045,Győr,N,aktiv
3046,Pécs,N,aktiv
3047,Budapest,N,aktiv
3048,Budapest,F,aktiv
3049,Pécs,N,aktiv
3050,Budapest,F,aktiv
3051,Budapest,F,aktiv
3052,Győr,N,aktiv
3053,Budapest,N,aktiv
3054,Budapest,F,aktiv
3055,Budapest,F,aktiv
3056,Győr,F,aktiv
3057,Budapest,N,aktiv
3058,Budapest,N,aktiv
3059,Pécs,F,aktiv
3060,Győr,N,aktiv
3061,Győr,N,aktiv
3062,Pécs,N,aktiv
3063,Győr,F,aktiv
3064,Győr,N,aktiv
3065,Budapest,N,aktiv
3066,Győr,N,aktiv
3067,Budapest,F,aktiv
3068,Budapest,N,aktiv
3069,Győr,F,aktiv
3070,Budapest,N,aktiv
3071,Pécs,F,aktiv
3072,Pécs,F,aktiv
3073,Győr,F,aktiv
3074,Budapest,F,aktiv
3075,Budapest,F,aktiv
3076,Budapest,F,aktiv
3077,Budapest,F,aktiv
3078,Budapest,N,aktiv
3079,Budapest,F,aktiv
3080,Pécs,F,aktiv
3081,Budapest,N,aktiv
3082,Győr,F,aktiv
3083,Pécs,F,aktiv
3084,Pécs,F,aktiv
3085,Budapest,N,aktiv
3086,Pécs,N,aktiv
3087,Budapest,F,aktiv
3088,Pécs,F,aktiv
3089,Pécs,F,aktiv
3090,Budapest,F,aktiv
3091,Győr,F,aktiv
3092,Budapest,N,aktiv
3093,Győr,F,aktiv
3094,Győr,F,aktiv
3095,Budapest,N,aktiv
3096,Budapest,N,aktiv
3097,Budapest,N,aktiv
3098,Pécs,N,aktiv
3099,Győr,N,aktiv
3100,Győr,N,aktiv
3101,Győr,N,aktiv
3102,Pécs,F,aktiv
3103,Budapest,N,aktiv
3104,Budapest,F,aktiv
3105,Budapest,F,aktiv
3106,Győr,F,aktiv
3107,Pécs,F,aktiv
3108,Budapest,F,aktiv
3109,Pécs,N,aktiv
3110,Budapest,F,aktiv
3111,Budapest,N,aktiv
3112,Pécs,N,aktiv
3113,Győr,F,aktiv
3114,Budapest,N,aktiv
3115,Pécs,N,aktiv
3116,Pécs,N,aktiv
3117,Győr,N,aktiv
3118,Budapest,F,aktiv
3119,Budapest,N,aktiv
3120,Budapest,F,aktiv
3121,Budapest,F,aktiv
3122,Budapest,F,aktiv
3123,Budapest,N,aktiv
3124,Pécs,N,aktiv
3125,Budapest,F,aktiv
3126,Budapest,N,aktiv
3127,Győr,N,aktiv
3128,Budapest,F,aktiv
3129,Budapest,F,aktiv
3130,Győr,F,aktiv
3131,Budapest,F,aktiv
3132,Pécs,F,aktiv
3133,Pécs,N,aktiv
3134,Pécs,F,aktiv
3135,Győr,N,aktiv
3136,Győr,F,aktiv
3137,Győr,N,aktiv
3138,Budapest,F,aktiv
3139,Budapest,N,aktiv
3140,Győr,F,aktiv
3141,Győr,F,aktiv
3142,Budapest,F,aktiv
3143,Pécs,F,aktiv
3144,Budapest,N,aktiv
3145,Budapest,F,aktiv
3146,Budapest,F,aktiv
3147,Pécs,F,aktiv
3148,Budapest,F,aktiv
3149,Pécs,N,aktiv
3150,Budapest,F,aktiv
3151,Budapest,N,aktiv
3152,Budapest,F,aktiv
3153,Győr,N,aktiv
3154,Győr,F,aktiv
3155,Budapest,F,aktiv
3156,Budapest,N,aktiv
3157,Pécs,N,aktiv
3158,Győr,N,aktiv
3159,Budapest,F,aktiv
3160,Budapest,F,aktiv
3161,Győr,F,aktiv
3162,Pécs,N,aktiv
3163,Pécs,F,aktiv
3164,Pécs,F,aktiv
3165,Győr,N,aktiv
3166,Budapest,N,aktiv
3167,Pécs,N,aktiv
3168,Budapest,N,aktiv
3169,Pécs,N,aktiv
3170,Győr,F,aktiv
3171,Budapest,N,aktiv
3172,Pécs,N,aktiv
3173,Budapest,N,aktiv
3174,Pécs,F,aktiv
3175,Győr,F,aktiv
3176,Pécs,N,aktiv
3177,Pécs,F,aktiv
3178,Győr,F,aktiv
3179,Budapest,N,aktiv
3180,Budapest,N,aktiv
3181,Győr,N,aktiv
3182,Pécs,F,aktiv
3183,Pécs,N,aktiv
3184,Győr,N,aktiv
3185,Győr,N,aktiv
3186,Budapest,N,aktiv
3187,Győr,N,aktiv
3188,Budapest,N,aktiv
3189,Budapest,N,aktiv
3190,Budapest,F,aktiv
3191,Budapest,F,aktiv
3192,Budapest,F,aktiv
3193,Pécs,N,aktiv
3194,Pécs,F,aktiv
3195,Budapest,F,aktiv
3196,Budapest,N,aktiv
3197,Győr,F,aktiv
3198,Győr,F,aktiv
3199,Pécs,F,aktiv
3200,Győr,F,aktiv
3201,Győr,N,aktiv
3202,Pécs,F,aktiv
3203,Győr,F,aktiv
3204,Budapest,N,aktiv
3205,Pécs,N,aktiv
3206,Győr,F,aktiv
3207,Pécs,N,aktiv
3208,Budapest,N,aktiv
3209,Győr,F,aktiv
3210,Budapest,N,aktiv
3211,Budapest,F,aktiv
3212,Győr,N,aktiv
3213,Győr,F,aktiv
3214,Győr,N,aktiv
3215,Budapest,N,aktiv
3216,Budapest,F,aktiv
3217,Budapest,F,aktiv
3218,Győr,F,aktiv
3219,Budapest,F,aktiv
3220,Győr,N,aktiv
3221,Győr,F,aktiv
3222,Pécs,F,aktiv
3223,Budapest,F,aktiv
3224,Győr,N,aktiv
3225,Pécs,N,aktiv
3226,Budapest,F,aktiv
3227,Budapest,F,aktiv
3228,Győr,N,aktiv
3229,Budapest,F,aktiv
3230,Győr,F,aktiv
3231,Győr,N,aktiv
3232,Budapest,N,aktiv
3233,Győr,F,aktiv
3234,Pécs,F,aktiv
3235,Pécs,F,aktiv
3236,Pécs,N,aktiv
3237,Budapest,N,aktiv
3238,Budapest,N,aktiv
3239,Budapest,N,aktiv
3240,Győr,F,aktiv
3241,Budapest,F,aktiv
3242,Budapest,N,aktiv
3243,Budapest,F,aktiv
3244,Budapest,N,aktiv
3245,Győr,N,aktiv
3246,Győr,F,aktiv
3247,Budapest,N,aktiv
3248,Győr,N,aktiv
3249,Budapest,N,aktiv
3250,Pécs,F,aktiv
3251,Pécs,N,aktiv
3252,Budapest,N,aktiv
3253,Győr,F,aktiv
3254,Győr,N,aktiv
3255,Győr,N,aktiv
3256,Budapest,N,aktiv
3257,Győr,N,aktiv
3258,Budapest,N,aktiv
3259,Budapest,F,aktiv
3260,Győr,F,aktiv
3261,Budapest,N,aktiv
3262,Budapest,F,aktiv
3263,Győr,F,aktiv
3264,Győr,F,aktiv
3265,Győr,N,aktiv
3266,Budapest,F,aktiv
3267,Budapest,F,aktiv
3268,Győr,F,aktiv
3269,Pécs,F,aktiv
3270,Budapest,N,aktiv
3271,Győr,F,aktiv
3272,Pécs,F,aktiv
3273,Budapest,N,aktiv
3274,Budapest,N,aktiv
3275,Pécs,F,aktiv
3276,Budapest,N,aktiv
3277,Budapest,N,aktiv
3278,Budapest,N,aktiv
3279,Budapest,F,aktiv
3280,Budapest,F,aktiv
3281,Győr,N,aktiv
3282,Budapest,F,aktiv
3283,Pécs,F,aktiv
3284,Budapest,F,aktiv
3285,Budapest,F,aktiv
3286,Budapest,F,aktiv
3287,Győr,F,aktiv
3288,Győr,F,aktiv
3289,Budapest,F,aktiv
3290,Budapest,F,aktiv
